nome,idade,cpf,rg,data_nasc,sexo,signo,mae,pai,email,cep,endereco,numero,bairro,data,cidade,estado,telefone_fixo,celular,altura,peso,,tipo_sanguineo,cor,valor_compra
Cauã Iago Paulo Jesus,70,025.293.734-18,22.866.798-7,19/01/1953,Masculino,Capricórnio,Sophia Nair Antônia,Marcelo Sérgio Enrico Jesus,caua_iago_jesus@hlt.arq.br,59141-040,Rua Manoel Cirilo,296,Santos Reis,22/03/2022,Parnamirim,RN,(84) 2831-4233,(84) 98671-5320,,70,,AB+,vermelho,"R$ 5.300,00"
Aparecida Cristiane da Cunha,49,363.545.494-00,48.396.627-7,17/02/1974,Feminino,Aquário,Rafaela Nicole,Bernardo Pedro da Cunha,aparecida-dacunha89@redhouse.com.br,49035-640,Rua Péricles Vieira de Azevedo,778,Coroa do Meio,22/03/2022,Aracaju,SE,(79) 2600-6520,(79) 98333-4589,,52,,AB-,azul,"R$ 1.400,00"
Ricardo Manuel Martin dos Santos,71,387.779.416-59,44.503.380-0,22/02/1952,Masculino,Peixes,Julia Rosa,Osvaldo Gustavo Lorenzo dos Santos,ricardomanueldossantos@moderna.com.br,57073-205,Rua 59,225,Cidade Universitária,22/03/2022,Maceió,AL,(82) 3901-1268,(82) 99245-6058,,73,,A+,laranja,"R$ 2.100,00"
Marcelo Bryan Farias,75,735.001.987-40,10.801.911-1,02/01/1948,Masculino,Capricórnio,Olivia Carla,Roberto Manuel Farias,marcelo.bryan.farias@unink.com.br,77066-120,Rua MS 6,169,Setor Morada do Sol 2 (Taquaralto),22/03/2022,Palmas,TO,(63) 3809-7936,(63) 99237-1399,,68,,O+,verde,"R$ 3.500,00"
,,,,,,,,,,,,,,,,,,,,,,,,
Yago Luís Theo Lopes,80,343.806.963-67,15.315.345-3,16/02/1943,Masculino,Aquário,Lúcia Raquel,Heitor Levi Raimundo Lopes,yago_lopes@fedato.com.br,68742-833,Alameda C,593,Nova Olinda,22/03/2022,Castanhal,PA,(91) 2872-1492,(91) 98257-1695,,77,,AB-,verde,"R$ 3.400,00"
Amanda Vitória Moreira,39,033.283.994-02,28.188.401-8,17/01/1984,Feminino,Capricórnio,Elaine Heloisa Laís,Breno Ian Marcos Vinicius Moreira,amandavitoriamoreira@novaface.com.br,75902-034,Rua Veríssimo Pereira,261,Vila Dona Auta,22/03/2022,Rio Verde,GO,(64) 2993-3782,(64) 98664-6103,,82,,A+,vermelho,"R$ 5.300,00"
,,,,,,,,,,,,,,,,,,,,,,,,
Sophia Bárbara Julia Duarte,76,926.467.694-58,45.382.414-6,02/03/1947,Feminino,Peixes,Stella Rosa,Nelson Theo Duarte,sophia_barbara_duarte@quintadoslagos.com.br,69312-570,Rua Imperatriz,592,Centenário,22/03/2022,Boa Vista,RR,(95) 2565-7921,(95) 99474-9819,,85,,O+,amarelo,"R$ 2.500,00"
Tiago Victor da Cruz,30,108.857.095-00,38.157.081-2,10/01/1993,Masculino,Capricórnio,Sophia Isabelle,Benício Cláudio da Cruz,tiago_victor_dacruz@ppe.ufrj.br,70686-080,Quadra SQNW 107 Bloco F,720,Setor Noroeste,22/03/2022,Brasília,DF,(61) 2559-4331,(61) 98437-9291,,60,,O-,vermelho,"R$ 5.300,00"
Vitória Alice Mariane Aparício,19,955.775.887-23,24.703.902-0,01/03/2004,Feminino,Peixes,Isabelly Ayla,Raul Nelson Anderson Aparício,vitoriaaliceaparicio@zipmail.com,78715-732,Avenida Alberto Saddi,360,Jardim Liberdade,22/03/2022,Rondonópolis,MT,(66) 3885-0161,(66) 99493-7084,,82,,B+,vermelho,"R$ 2.100,00"
Regina Isabelle Elisa Teixeira,72,255.781.917-46,31.241.294-0,08/02/1951,Feminino,Aquário,Raimunda Bruna,Lucas Juan Nicolas Teixeira,regina_teixeira@cafefrossard.com,29946-205,Rua Francisco Vieira da Silva,764,Guriri Norte,22/03/2022,São Mateus,ES,(27) 3826-5510,(27) 99717-3444,,56,,AB-,roxo,"R$ 5.300,00"
Agatha Francisca Barbosa,62,719.188.398-75,16.953.169-7,02/01/1961,Feminino,Capricórnio,Maitê Aline Heloisa,Mateus Julio Benedito Barbosa,agatha-barbosa99@unitau.br,95080-016,Rua Gustavo Dutra de Almeida,759,Planalto,22/03/2022,Caxias do Sul,RS,(54) 3679-7512,(54) 99939-0475,,59,,O+,preto,"R$ 1.400,00"
,,,,,,,,,,,,,,,,,,,,,,,,
Márcio Augusto Freitas,43,683.493.086-80,33.476.019-7,02/03/1980,Masculino,Peixes,Lúcia Emanuelly,Bruno Kauê Victor Freitas,marcio_augusto_freitas@torah.com.br,69082-270,Beco Itumbiara,232,Coroado,22/03/2022,Manaus,AM,(92) 2655-3183,(92) 99449-4815,,92,,AB+,verde,"R$ 5.300,00"
,,,,,,,,,,,,,,,,,,,,,,,,
Stefany Luciana da Rocha,52,395.299.392-13,47.576.347-6,06/01/1971,Feminino,Capricórnio,Emilly Milena,Luiz Rafael da Rocha,stefany.luciana.darocha@aichele.com.br,69918-784,Travessa do Cajueiro,483,Conquista,22/03/2022,Rio Branco,AC,(68) 3563-9898,(68) 98851-6296,,76,,A-,vermelho,"R$ 2.100,00"
Heloise Amanda Isadora Barros,26,661.462.093-25,40.585.580-1,02/03/1997,Feminino,Peixes,Julia Eduarda Ayla,Thiago Igor Barros,heloiseamandabarros@oerlikon.com,59129-090,Rua Lagoa de Patos,539,Potengi,22/03/2022,Natal,RN,(84) 2528-6397,(84) 99866-1546,,59,,B-,verde,"R$ 5.300,00"
Sônia Sara Elza Melo,62,183.115.370-03,26.087.946-0,05/01/1961,Feminino,Capricórnio,Marlene Andreia Luiza,Kaique Bruno Melo,sonia_sara_melo@eletrolexeng.com.br,58058-600,Rua dos Escoteiros,852,Mangabeira,22/03/2022,João Pessoa,PB,(83) 3882-1369,(83) 99102-8211,,78,,O+,verde,"R$ 5.300,00"
Lavínia Jéssica Rayssa da Conceição,73,281.650.153-11,36.028.403-6,02/03/1950,Feminino,Peixes,Brenda Tânia,Murilo Carlos Carlos Eduardo da Conceição,lavinia.jessica.daconceicao@flexvale.com.br,29160-016,Rua Manoel Carlos Miranda,478,Carapina Grande,22/03/2022,Serra,ES,(27) 2957-6190,(27) 99396-0661,,72,,B+,vermelho,"R$ 1.400,00"
Jéssica Rebeca Pinto,48,111.734.349-92,21.359.123-6,11/01/1975,Feminino,Capricórnio,Betina Ana,Alexandre Diogo Pinto,jessicarebecapinto@meteorus.com.br,64004-690,Rua Raimundo Pereira Sampaio,214,Mafrense,22/03/2022,Teresina,PI,(86) 2833-6103,(86) 99357-7784,,65,,A-,azul,"R$ 5.300,00"
Rosa Rebeca Emily Rodrigues,34,429.057.438-67,24.287.730-8,24/01/1989,Feminino,Aquário,Jaqueline Luciana,Matheus Alexandre Márcio Rodrigues,rosa-rodrigues85@laramjeirabaumann.com.br,41630-605,Rua do Oitis,828,Itapuã,22/03/2022,Salvador,BA,(71) 2817-4174,(71) 98182-2762,,60,,A-,laranja,"R$ 5.300,00"
Ian Miguel Sebastião Galvão,66,654.935.371-84,11.306.290-4,11/01/1957,Masculino,Capricórnio,Emanuelly Rosa Clara,Osvaldo Bento Miguel Galvão,ian_miguel_galvao@iname.com,69317-532,Rua Peixes,986,Cidade Satélite,22/03/2022,Boa Vista,RR,(95) 2563-9753,(95) 98216-4194,,91,,O-,azul,"R$ 5.300,00"
André Nathan Augusto Sales,69,503.735.912-09,31.549.036-6,02/03/1954,Masculino,Peixes,Beatriz Carolina Bruna,Pietro Erick Pedro Henrique Sales,andre.nathan.sales@numero.com.br,29075-180,Rua do Almirante,775,Goiabeiras,22/03/2022,Vitória,ES,(27) 2933-7122,(27) 98856-2571,,74,,A+,amarelo,"R$ 1.400,00"
Laura Débora Malu Silva,21,055.107.179-63,25.166.876-9,01/03/2002,Feminino,Peixes,Andrea Isabela Patrícia,Julio João Silva,laura_debora_silva@roche.com,93542-450,Rua Manoel do Nascimento Vargas Netto,276,Canudos,22/03/2022,Novo Hamburgo,RS,(51) 2701-5343,(51) 98728-0314,,73,,A-,azul,"R$ 5.300,00"
Roberto Davi Otávio Cardoso,61,944.678.757-27,33.673.894-8,02/03/1962,Masculino,Peixes,Gabriela Melissa Francisca,Gustavo Noah Cardoso,roberto-cardoso96@cordeiromaquinas.com.br,49087-220,Rua Everton Coelho,711,Santos Dumont,22/03/2022,Aracaju,SE,(79) 2934-0083,(79) 98679-1889,,89,,B+,preto,"R$ 1.400,00"
Eliane Lorena Larissa Martins,64,317.754.387-91,25.657.699-3,17/01/1959,Feminino,Capricórnio,Juliana Mariah,Sérgio Guilherme Pietro Martins,eliane_martins@4now.com.br,64012-110,Rua Dezesseis,777,Cidade Industrial,22/03/2022,Teresina,PI,(86) 3759-6433,(86) 99445-4907,,55,,A-,vermelho,"R$ 1.600,00"
Lorena Clarice Luiza Peixoto,27,938.205.033-74,16.679.834-4,05/02/1996,Feminino,Aquário,Liz Isadora Giovana,Samuel Felipe Yuri Peixoto,lorena_clarice_peixoto@clinicamedicofacil.com.br,29018-025,Rua Presidente Pedreira,231,Parque Moscoso,22/03/2022,Vitória,ES,(27) 3663-9125,(27) 98457-1940,,66,,A+,preto,"R$ 5.300,00"
Mateus Vicente Bernardes,32,680.778.549-66,39.713.572-5,17/01/1991,Masculino,Capricórnio,Kamilly Fernanda Fabiana,André Daniel Bernardes,mateus_bernardes@mmetalica.com.br,28010-220,Rua Santos Dumont,445,Centro,23/03/2022,Campos dos Goytacazes,RJ,(22) 3643-1795,(22) 98907-7475,,87,,AB+,roxo,"R$ 5.300,00"
Gabriela Gabriela Sophia Pires,58,355.777.416-37,45.878.536-2,01/03/1965,Feminino,Peixes,Yasmin Olivia Cristiane,Geraldo Anthony Henrique Pires,gabriela_gabriela_pires@abcturismo.com.br,77015-426,Quadra 305 Sul Alameda 1,597,Plano Diretor Sul,23/03/2022,Palmas,TO,(63) 3965-8963,(63) 99697-3349,,55,,AB-,verde,"R$ 3.500,00"
Ryan Paulo Fogaça,38,576.133.070-93,34.389.946-2,15/01/1985,Masculino,Capricórnio,Antonella Sônia,Mateus Otávio Fogaça,ryanpaulofogaca@yahoo.com.br,02841-090,Rua Bartolomeu Rodrigues,655,Parque São Luís,23/03/2022,São Paulo,SP,(11) 2943-1053,(11) 99112-7743,,89,,A+,vermelho,"R$ 3.500,00"
,,,,,,,,,,,,,,,,,,,,,,,,
Thiago Vinicius Caio Drumond,28,730.038.832-91,33.348.961-5,01/01/1995,Masculino,Capricórnio,Olivia Laís Carolina,Raimundo Renato Yago Drumond,thiago.vinicius.drumond@netsinf.com.br,09361-174,Rua Arcelindo Benetti,906,Vila Mercedes,23/03/2022,Mauá,SP,(11) 3761-4895,(11) 99230-8362,,67,,O-,azul,"R$ 2.500,00"
Antonio Giovanni Sérgio Oliveira,76,011.814.427-88,45.600.370-8,02/03/1947,Masculino,Peixes,Regina Sônia Carolina,Rodrigo Davi Oliver Oliveira,antonio.giovanni.oliveira@deca.com.br,85854-340,Rua Herman Friedrich,979,Vila Boa Esperança,23/03/2022,Foz do Iguaçu,PR,(45) 2876-8310,(45) 98886-4795,,74,,O-,vermelho,"R$ 1.400,00"
Tatiane Rita Corte Real,49,106.294.248-53,44.295.225-9,13/01/1974,Feminino,Capricórnio,Simone Lúcia,Breno Theo Enzo Corte Real,tatiane_cortereal@pmi.com,34525-310,Travessa Santa Cruz,962,Morro da Cruz,23/03/2022,Sabará,MG,(31) 2946-7576,(31) 98273-3606,,77,,A+,azul,"R$ 5.300,00"
Lívia Elaine Baptista,61,994.865.719-53,13.224.543-7,01/03/1962,Feminino,Peixes,Eliane Sandra Vera,Geraldo Daniel Manuel Baptista,livia-baptista80@sp.gov.br,55643-370,Rua João Francisco do Nascimento,342,Bairro Novo,23/03/2022,Gravatá,PE,(81) 2686-8154,(81) 98718-7503,,60,,B-,laranja,"R$ 3.400,00"
,,,,,,,,,,,,,,,,,,,,,,,,
Aurora Marli Pires,75,298.074.808-09,48.624.549-4,02/03/1948,Feminino,Peixes,Nina Manuela Luciana,Caio Paulo Paulo Pires,aurora.marli.pires@solpro.biz,65052-137,Travessa da Alegria,217,Maiobinha,23/03/2022,São Luís,MA,(98) 2814-4222,(98) 99780-4192,,73,,B-,vermelho,"R$ 5.300,00"
Clara Raquel Carvalho,67,768.314.712-50,25.062.519-2,22/02/1956,Feminino,Peixes,Eduarda Pietra Isabela,Leandro Leonardo Yuri Carvalho,clara_raquel_carvalho@officetectecnologia.com.br,59150-623,Rua dos Laranjais,684,Nova Parnamirim,23/03/2022,Parnamirim,RN,(84) 3816-0706,(84) 98353-8362,,67,,AB+,verde,"R$ 5.300,00"
Sérgio Danilo Viana,21,693.034.778-71,12.023.067-7,21/01/2002,Masculino,Aquário,Eduarda Juliana Beatriz,Bryan Márcio Murilo Viana,sergio_danilo_viana@outlook.com,68901-901,Rua Marcelo Cândia 742,694,Santa Rita,23/03/2022,Macapá,AP,(96) 2926-8598,(96) 99892-7740,,78,,A-,laranja,"R$ 1.400,00"
Juliana Allana Lima,65,137.762.785-36,26.824.743-2,26/02/1958,Feminino,Peixes,Jennifer Betina,Filipe Diogo Lima,juliana_allana_lima@bitco.cc,72220-541,Quadra EQNN 8/10 Bloco A,431,Ceilândia Sul (Ceilândia),23/03/2022,Brasília,DF,(61) 3752-4538,(61) 99559-6979,,51,,B+,preto,"R$ 1.400,00"
Marcos Vinicius Igor da Mota,32,009.142.824-68,23.340.977-4,07/01/1991,Masculino,Capricórnio,Aline Fabiana Emilly,Fernando Marcelo Edson da Mota,marcos_vinicius_damota@wnetrj.com.br,29192-276,Rua Atílio Vivácqua,847,Fátima,23/03/2022,Aracruz,ES,(27) 2652-1962,(27) 98985-5520,,62,,O-,vermelho,"R$ 1.400,00"
Kevin Paulo Porto,45,435.323.391-29,14.563.699-9,01/03/1978,Masculino,Peixes,Luzia Luzia,Geraldo Marcelo Yuri Porto,kevin_paulo_porto@br.inter.net,32677-210,Rua Antônio José Diniz,416,Imbiruçu,23/03/2022,Betim,MG,(31) 3707-5436,(31) 99575-8874,,87,,O-,roxo,"R$ 5.300,00"
Luzia Carolina da Paz,54,988.994.695-55,42.645.871-0,22/02/1969,Feminino,Peixes,Luciana Rosângela Francisca,Daniel Luan da Paz,luziacarolinadapaz@dafitex.com.br,69020-405,Rua Major Gabriel,910,Praça 14 de Janeiro,24/03/2022,Manaus,AM,(92) 2515-0533,(92) 99272-1722,,51,,A-,laranja,"R$ 3.400,00"
Edson Leonardo Carlos Rocha,76,475.330.525-28,18.558.363-5,09/01/1947,Masculino,Capricórnio,Isabelly Luciana,Davi Yago Rocha,edson_leonardo_rocha@righettorosa.com.br,79901-010,Rua Roncador,299,Jardim das Oliveiras,24/03/2022,Ponta Porã,MS,(67) 2891-0195,(67) 99462-1940,,91,,AB+,preto,"R$ 3.400,00"
,,,,,,,,,,,,,,,,,,,,,,,,
Murilo Martin Juan Santos,78,015.065.121-00,33.541.910-0,24/01/1945,Masculino,Aquário,Isabelly Luana Luiza,Nathan Kevin Antonio Santos,murilo_martin_santos@nelsoncosta.com.br,77823-630,Rodovia BR-153,832,Loteamento Planalto,24/03/2022,Araguaína,TO,(63) 3997-6803,(63) 99839-7938,,93,,B+,azul,"R$ 3.500,00"
,,,,,,,,,,,,,,,,,,,,,,,,
Milena Patrícia Aparecida da Costa,41,417.424.749-85,44.492.529-6,14/01/1982,Feminino,Capricórnio,Alice Andreia,Bernardo Felipe da Costa,milena-dacosta90@santosferreira.abv.br,69901-683,Rua Luiz Gonzaga,804,Vitória,24/03/2022,Rio Branco,AC,(68) 3593-6197,(68) 99202-0502,,55,,AB+,amarelo,"R$ 1.400,00"
Noah Bento Ribeiro,47,704.007.171-15,33.741.924-3,01/03/1976,Masculino,Peixes,Malu Andrea Lara,Alexandre Manuel Ribeiro,noah_ribeiro@edwardmaluf.com.br,58423-243,Rua Aurora Diniz Pires,753,Três Irmãs,24/03/2022,Campina Grande,PB,(83) 2597-3484,(83) 98437-2759,,67,,B+,verde,"R$ 3.400,00"
Danilo Augusto Mendes,51,756.105.862-40,21.445.637-7,08/02/1972,Masculino,Aquário,Sônia Daniela Olivia,Nathan Benício Gabriel Mendes,danilo-mendes74@mcpsolucoesgraficas.com.br,69900-220,Rua 25 de Março,604,Ivete Vargas,24/03/2022,Rio Branco,AC,(68) 3703-8912,(68) 98794-9426,,97,,O+,verde,"R$ 1.600,00"
Helena Gabrielly Jennifer Ramos,58,786.152.173-78,34.796.213-0,02/03/1965,Feminino,Peixes,Joana Alícia Rosa,Pietro Davi Ramos,helenagabriellyramos@cvc.com.br,23010-310,Rua Gomes Archer,869,Santíssimo,24/03/2022,Rio de Janeiro,RJ,(21) 3639-1322,(21) 98119-5697,,62,,AB-,vermelho,"R$ 1.400,00"
André Julio Pedro Henrique Moura,53,837.363.747-80,20.260.709-4,10/01/1970,Masculino,Capricórnio,Adriana Isabelly Sabrina,Thiago Leonardo Renan Moura,andrejuliomoura@w3ag.com,79014-470,Rua Nelson Abrhão Lemos,567,Arnaldino da Silva,24/03/2022,Campo Grande,MS,(67) 2867-1744,(67) 99649-8243,,78,,A-,azul,"R$ 2.500,00"
Caroline Teresinha Emilly Melo,24,294.688.496-19,23.838.024-5,03/02/1999,Feminino,Aquário,Luzia Helena,Isaac Henry Melo,caroline-melo78@sodexo.com,40720-650,Rua Bonfim,114,Praia Grande,24/03/2022,Salvador,BA,(71) 3915-6516,(71) 99572-0471,,66,,O-,preto,"R$ 1.400,00"
Milena Analu Peixoto,29,953.383.624-57,35.163.341-8,17/01/1994,Feminino,Capricórnio,Ester Eduarda Emilly,Anderson Osvaldo Peixoto,milena_peixoto@caocarinho.com.br,72906-502,Quadra Quadra 115,834,Parque Estrela Dalva XI,24/03/2022,Santo Antônio do Descoberto,GO,(61) 2822-0684,(61) 99634-8241,,57,,O-,laranja,"R$ 2.500,00"
Emily Sônia Emanuelly Pinto,47,062.908.715-60,46.474.763-6,02/03/1976,Feminino,Peixes,Tatiane Silvana,Rafael Rodrigo Pinto,emily.sonia.pinto@eclatt.com.br,58062-330,Rua José Antonio da Silva Neto,329,Paratibe,24/03/2022,João Pessoa,PB,(83) 2745-6596,(83) 99808-1123,,51,,O-,vermelho,"R$ 3.500,00"
Caio Augusto Fernandes,41,275.725.865-62,49.714.257-0,01/03/1982,Masculino,Peixes,Maria Eloá,Julio Danilo Fernandes,caioaugustofernandes@ohms.com.br,68928-334,Avenida São João Apóstolo,246,Fonte Nova,24/03/2022,Santana,AP,(96) 2877-0130,(96) 99208-6241,,76,,AB+,verde,"R$ 1.600,00"
Nelson Manoel Fábio Rodrigues,54,686.983.206-43,46.773.968-7,26/01/1969,Masculino,Aquário,Emilly Francisca,Caio Cláudio Rodrigues,nelson-rodrigues92@gerdal.com.br,79050-530,Rua Dona Florência,672,Vila Ieda,24/03/2022,Campo Grande,MS,(67) 3643-4220,(67) 99691-4137,,96,,O+,vermelho,"R$ 2.500,00"
Rafael Marcos Vinicius da Luz,66,363.759.291-64,46.038.990-7,04/02/1957,Masculino,Aquário,Clarice Pietra,Henrique Giovanni Nathan da Luz,rafael_marcos_daluz@lojaprincezinha.com.br,68908-265,Travessa Pará,104,Pacoval,24/03/2022,Macapá,AP,(96) 3527-6843,(96) 98359-1522,,80,,O+,laranja,"R$ 3.400,00"
Laura Bruna das Neves,44,778.761.557-58,49.188.311-0,03/02/1979,Feminino,Aquário,Aurora Simone Nicole,Ryan Lorenzo das Neves,laura_dasneves@heineken.com.br,65025-260,Rua Emílio Lisboa,169,Coréia,24/03/2022,São Luís,MA,(98) 2591-9490,(98) 98997-2584,,57,,AB+,roxo,"R$ 2.500,00"
,,,,,,,,,,,,,,,,,,,,,,,,
Rafael Benjamin Baptista,73,720.563.365-61,16.231.510-7,25/02/1950,Masculino,Peixes,Joana Alana Emily,Pedro Henrique Otávio Baptista,rafael_baptista@msds.com.br,72915-612,Quadra QA 4,691,Mansões Olinda,24/03/2022,Águas Lindas de Goiás,GO,(61) 3706-8631,(61) 98927-1182,,74,,AB-,verde,"R$ 3.400,00"
Gael Elias Porto,78,153.069.109-55,33.792.371-1,10/02/1945,Masculino,Aquário,Lorena Sara Kamilly,Nathan Lucas Porto,gaeleliasporto@hotamail.com,60850-240,Rua Sete Estrelas,123,Aerolândia,24/03/2022,Fortaleza,CE,(85) 2982-4796,(85) 99707-2315,,74,,A+,verde,"R$ 2.500,00"
Joaquim Luan Iago Lima,36,801.845.598-80,17.620.974-8,23/01/1987,Masculino,Aquário,Sebastiana Nina,Samuel Gael Márcio Lima,joaquim.luan.lima@uou.com.br,78057-324,Rua das Bromélias,672,Altos da Glória,24/03/2022,Cuiabá,MT,(65) 3796-8593,(65) 98203-3483,,72,,B+,azul,"R$ 5.300,00"
Vera Larissa Milena da Costa,27,014.538.947-21,43.426.802-1,02/03/1996,Feminino,Peixes,Rayssa Gabrielly,Enrico Manuel Erick da Costa,vera_larissa_dacosta@portalpublicidade.com.br,65043-851,Rua São Francisco,232,Vila Primavera,24/03/2022,São Luís,MA,(98) 2880-7593,(98) 98101-4520,,73,,O+,amarelo,"R$ 2.500,00"
Kauê Manuel das Neves,57,448.428.519-37,41.939.446-1,22/02/1966,Masculino,Peixes,Luzia Larissa,Thiago João das Neves,kaue_manuel_dasneves@molsanto.com,41213-620,Travessa Abelardo Barbosa,294,Sussuarana,24/03/2022,Salvador,BA,(71) 2560-2908,(71) 98176-7732,,73,,AB+,vermelho,"R$ 3.400,00"
Renan Raimundo Otávio da Cunha,49,891.423.323-54,39.044.861-8,01/03/1974,Masculino,Peixes,Nair Andrea,Benedito Enzo Raul da Cunha,renan_dacunha@skapcom.com.br,87390-970,Avenida Amazonas 306,485,Centro,24/03/2022,Boa Esperança,PR,(44) 2939-2840,(44) 99191-2197,,69,,AB+,roxo,"R$ 2.500,00"
Isabelle Sophia Cecília Moreira,63,752.951.562-49,29.860.952-6,13/01/1960,Feminino,Capricórnio,Pietra Rita Luiza,Renan Pedro Henrique Diego Moreira,isabelle-moreira91@albap.com.br,64004-360,Rua Itamaraty,456,Matadouro,24/03/2022,Teresina,PI,(86) 2722-0417,(86) 99266-4536,,71,,B+,azul,"R$ 1.400,00"
Luís Kevin Bryan dos Santos,26,214.000.919-34,18.464.438-0,02/03/1997,Masculino,Peixes,Patrícia Mirella,Fernando Rodrigo dos Santos,luis-dossantos93@mpcnet.com.br,77023-030,Quadra 804 Sul Alameda 11,778,Plano Diretor Sul,24/03/2022,Palmas,TO,(63) 3938-2255,(63) 99733-4405,,99,,O+,laranja,"R$ 3.500,00"
Bárbara Natália Ramos,55,075.197.596-60,46.235.029-0,01/03/1968,Feminino,Peixes,Josefa Daniela,Sebastião Ricardo Otávio Ramos,barbara-ramos81@lanchesdahora.com.br,04255-020,Rua João Homem,455,São João Clímaco,24/03/2022,São Paulo,SP,(11) 2626-9014,(11) 98372-3722,,70,,AB+,laranja,"R$ 3.500,00"
Lavínia Rafaela Mendes,55,132.667.008-56,45.415.403-3,04/01/1968,Feminino,Capricórnio,Giovana Aparecida,Vitor Isaac Márcio Mendes,laviniarafaelamendes@guiandotelecom.com.br,88354-270,Rua João Paulo I,588,Jardim Maluche,24/03/2022,Brusque,SC,(47) 3755-4745,(47) 98271-7691,,57,,O+,vermelho,"R$ 2.500,00"
,,,,,,,,,,,,,,,,,,,,,,,,
Benjamin Fábio Cavalcanti,42,271.490.233-20,40.142.714-6,10/01/1981,Masculino,Capricórnio,Carolina Francisca,Danilo Pedro Henrique Nathan Cavalcanti,benjamin.fabio.cavalcanti@consultoriosjc.com.br,69918-120,Rua Frei Caneca,335,Doca Furtado,24/03/2022,Rio Branco,AC,(68) 3503-4807,(68) 98824-1262,,86,,AB+,roxo,"R$ 5.300,00"
Alana Simone Lúcia Rezende,41,182.507.738-02,34.474.912-5,02/03/1982,Feminino,Peixes,Sarah Mariana Bárbara,Diego Henrique Rezende,alana-rezende96@glaudeimar.com.br,29307-411,Rua Santa Terezinha,110,Nossa Senhora da Penha,24/03/2022,Cachoeiro de Itapemirim,ES,(28) 3837-7292,(28) 98423-6709,,70,,O+,azul,"R$ 5.300,00"
Natália Débora da Cruz,32,477.948.666-18,40.382.197-6,24/02/1991,Feminino,Peixes,Alícia Vitória,Bruno Ricardo Nelson da Cruz,natalia_dacruz@valedesign.com.br,19061-470,Rua Primo Furlanetto,697,Jardim Cinqüentenário,24/03/2022,Presidente Prudente,SP,(18) 3550-1593,(18) 98515-0442,,53,,AB+,vermelho,"R$ 2.100,00"
Joaquim Matheus Fábio Aparício,38,721.215.970-00,29.496.613-4,02/03/1985,Masculino,Peixes,Rafaela Cláudia Gabrielly,Benício Hugo Luiz Aparício,joaquim_aparicio@fundasa.com.br,78158-638,Rua Aveiro,446,Jardim dos Estados,24/03/2022,Várzea Grande,MT,(65) 2968-4295,(65) 99248-5125,,94,,A+,vermelho,"R$ 5.300,00"
Carlos Igor Elias Carvalho,35,591.166.409-77,20.948.929-7,03/01/1988,Masculino,Capricórnio,Ayla Helena Heloise,Leandro Kauê Martin Carvalho,carlos_igor_carvalho@jglima.com.br,59010-365,Vila São Manoel,706,Rocas,24/03/2022,Natal,RN,(84) 3993-7298,(84) 99334-3795,,79,,A-,roxo,"R$ 2.100,00"
Danilo Yago Silveira,31,638.689.003-57,38.528.408-1,01/03/1992,Masculino,Peixes,Teresinha Betina Maria,Luís Elias Silveira,danilo-silveira70@hotmai.com,82220-146,Rua Antônio Furtado Figueiredo,436,Barreirinha,24/03/2022,Curitiba,PR,(41) 3630-3433,(41) 99297-9635,,72,,O+,amarelo,"R$ 5.300,00"
Sarah Patrícia Isabella Corte Real,78,481.240.399-50,16.782.242-1,09/02/1945,Feminino,Aquário,Carla Alice,Ricardo Theo Gustavo Corte Real,sarah_cortereal@grupoarteoficio.com.br,69314-712,Rua CJ-6,307,Jardim Tropical,24/03/2022,Boa Vista,RR,(95) 2919-1729,(95) 99649-7994,,51,,B+,azul,"R$ 1.600,00"
,,,,,,,,,,,,,,,,,,,,,,,,
Bárbara Camila Clara Moraes,66,899.669.675-75,10.241.733-7,01/03/1957,Feminino,Peixes,Teresinha Aline Camila,Giovanni Breno Giovanni Moraes,barbara_camila_moraes@live.se,69921-710,Travessa da Abelha,176,Tancredo Neves,24/03/2022,Rio Branco,AC,(68) 3748-0598,(68) 99982-8713,,67,,A-,vermelho,"R$ 2.500,00"
Mateus Yuri Yago Nascimento,66,056.735.151-38,12.032.721-1,16/01/1957,Masculino,Capricórnio,Aline Helena,Ryan Leandro Nascimento,mateus.yuri.nascimento@hushmail.com,,,,,,,,,,,,,,,
Henrique Thiago Brito,43,011.443.590-15,24.723.555-6,02/02/1980,Masculino,Aquário,Jennifer Mirella,Hugo Anthony Brito,henrique-brito75@dprf.gov.br,82520-250,Rua João Simião,849,Jardim Social,24/03/2022,Curitiba,PR,(41) 2698-0908,(41) 98981-4274,,73,,B+,amarelo,"R$ 2.500,00"
Nina Sophie Viana,52,147.275.438-77,12.868.126-3,17/02/1971,Feminino,Aquário,Priscila Tereza,Geraldo André Viana,nina_sophie_viana@gmx.ca,60714-326,Vila Mary Janne,940,Itaperi,25/03/2022,Fortaleza,CE,(85) 3684-0536,(85) 98285-3735,,53,,AB+,vermelho,"R$ 5.300,00"
Marcos Fábio Santos,40,504.191.339-09,44.125.867-0,02/03/1983,Masculino,Peixes,Carolina Daiane Laura,Manoel Marcos Yuri Santos,marcosfabiosantos@publifix.com.br,25215-425,Alameda Francisco de Miranda,991,Jardim Primavera,25/03/2022,Duque de Caxias,RJ,(21) 2965-3623,(21) 98227-3468,,68,,A+,roxo,"R$ 5.300,00"
Evelyn Eduarda Almada,66,459.409.015-06,12.653.143-2,20/01/1957,Feminino,Capricórnio,Hadassa Caroline Rafaela,Caio Bento Almada,evelyn_almada@kantoferramentaria.com.br,60874-690,Rua Pereira Coutinho,118,Pedras,25/03/2022,Fortaleza,CE,(85) 2698-1820,(85) 99404-0530,,58,,A+,verde,"R$ 1.400,00"
Alícia Sueli Caldeira,79,841.733.610-92,30.760.292-8,05/01/1944,Feminino,Capricórnio,Amanda Renata Malu,Danilo Ryan Ryan Caldeira,alicia_sueli_caldeira@sp.gov.br,57309-656,Rua Professora Maria Leônia Ferreira,532,Massaranduba,25/03/2022,Arapiraca,AL,(82) 3860-4404,(82) 98114-3017,,74,,A+,vermelho,"R$ 2.100,00"
Yago Gabriel Aragão,42,228.300.215-09,25.123.996-2,08/02/1981,Masculino,Aquário,Fátima Mirella Malu,Hugo Thales Aragão,yago_gabriel_aragao@imeio.com,29153-345,Rua Alfredo Couto Teiexeira,820,Nova Canaã,25/03/2022,Cariacica,ES,(27) 3913-5078,(27) 99160-5063,,89,,AB-,roxo,"R$ 3.500,00"
,,,,,,,,,,,,,,,,,,,,,,,,
Giovanni Arthur Duarte,62,190.480.116-12,30.211.472-5,14/01/1961,Masculino,Capricórnio,Andreia Jennifer Larissa,Thomas Diogo Duarte,giovanni_arthur_duarte@aquino.com.br,79076-174,Rua Veleiros,480,Jardim Centenário,25/03/2022,Campo Grande,MS,(67) 3891-9189,(67) 98206-4845,,75,,O+,roxo,"R$ 3.400,00"
Larissa Renata Isabel Pires,61,604.667.404-25,15.920.083-0,02/03/1962,Feminino,Peixes,Antônia Renata Stella,Marcelo César Caio Pires,larissa.renata.pires@taclog.com.br,64053-660,Rua José Torquato Viana,333,Campestre,25/03/2022,Teresina,PI,(86) 3604-4157,(86) 99215-0840,,50,,AB+,vermelho,"R$ 5.300,00"
Elias Matheus Geraldo Figueiredo,42,365.455.456-39,19.995.593-1,27/02/1981,Masculino,Peixes,Kamilly Stefany,Ian Bento Figueiredo,elias.matheus.figueiredo@grupoaguaviva.com.br,79645-220,Rua Cassiporé,436,Jardim Paranapunga,25/03/2022,Três Lagoas,MS,(67) 3669-9184,(67) 98102-7955,,94,,O-,verde,"R$ 5.300,00"
Augusto André Drumond,69,330.930.515-50,42.239.508-0,02/03/1954,Masculino,Peixes,Jennifer Regina Isabel,Ryan Henry Drumond,augustoandredrumond@tam.com.br,60861-680,Rua Pedro Veríssimo,544,Passaré,25/03/2022,Fortaleza,CE,(85) 2845-1781,(85) 98849-9371,,72,,B+,verde,"R$ 2.500,00"
Tereza Brenda Tatiane da Silva,63,872.060.906-05,39.714.715-6,07/01/1960,Feminino,Capricórnio,Bianca Antonella Isabel,Calebe Lucas da Silva,tereza.brenda.dasilva@eletrovip.com,66079-720,Passagem Pinheiro,203,Terra Firme,25/03/2022,Belém,PA,(91) 2759-7421,(91) 99716-2840,,56,,O+,laranja,"R$ 5.300,00"
Laura Sophie Simone Freitas,49,098.585.449-95,49.664.942-5,19/02/1974,Feminino,Aquário,Isabelle Lorena Olivia,Anthony César Sérgio Freitas,laura.sophie.freitas@fluxioneventos.com.br,64213-303,Quadra S1,757,Primavera,25/03/2022,Parnaíba,PI,(86) 3886-0440,(86) 98930-4822,,54,,A+,amarelo,"R$ 2.100,00"
Sophia Evelyn Raquel Teixeira,73,828.717.674-32,47.877.470-9,10/01/1950,Feminino,Capricórnio,Larissa Cecília Mariane,Renato Elias Teixeira,sophia_teixeira@dbacomp.com.br,71680-126,Conjunto SMDB Conjunto 12-F,929,Setor de Mansões Dom Bosco,25/03/2022,Brasília,DF,(61) 2952-1021,(61) 98547-5347,,68,,AB+,vermelho,"R$ 5.300,00"
Ian André Raul Silva,69,757.714.544-00,42.042.098-8,21/02/1954,Masculino,Peixes,Sueli Mirella Jéssica,Mateus Ryan Augusto Silva,ian-silva75@hotmail.co.uk,28085-090,Rua Poeta Marinho,999,Custodópolis,25/03/2022,Campos dos Goytacazes,RJ,(22) 2988-8617,(22) 98570-6026,,81,,A-,laranja,"R$ 1.400,00"
Laura Marli da Luz,26,031.767.735-79,36.447.979-6,01/03/1997,Feminino,Peixes,Luna Teresinha Sarah,Lucca Vicente Gabriel da Luz,laura.marli.daluz@lojasrayton.com,29212-090,Rua Doze,945,Fátima Cidade Jardim,25/03/2022,Guarapari,ES,(27) 2646-2035,(27) 99806-5426,,57,,O+,preto,"R$ 5.300,00"
Thales Geraldo Carlos Eduardo dos Santos,42,492.498.883-92,28.567.835-8,20/01/1981,Masculino,Capricórnio,Valentina Sophie,Danilo Calebe dos Santos,thales_geraldo_dossantos@tce.am.gov.br,60120-013,Avenida Barão de Studart,856,Meireles,25/03/2022,Fortaleza,CE,(85) 2668-0023,(85) 98605-4230,,64,,A-,roxo,"R$ 5.300,00"
Sophie Sarah da Mata,79,850.196.248-10,10.211.065-7,02/03/1944,Feminino,Peixes,Priscila Tatiane,Luan Guilherme da Mata,sophie.sarah.damata@cmfcequipamentos.com.br,60182-564,Travessa France Teixeira,788,Antônio Diogo,25/03/2022,Fortaleza,CE,(85) 3596-6806,(85) 98406-6309,,60,,B+,laranja,"R$ 5.300,00"
,,,,,,,,,,,,,,,,,,,,,,,,
Giovanni José Almeida,49,508.563.201-02,32.995.170-1,05/01/1974,Masculino,Capricórnio,Heloise Fabiana Natália,Marcelo Caio Isaac Almeida,giovannijosealmeida@signatreinamentos.com.br,69905-008,Travessa Felisbela do Nascimento,939,Capoeira,25/03/2022,Rio Branco,AC,(68) 3755-6133,(68) 98197-9428,,94,,B+,laranja,"R$ 5.300,00"
Débora Nair Márcia Nunes,23,466.159.905-55,26.080.235-9,08/01/2000,Feminino,Capricórnio,Heloise Marcela Raimunda,Lorenzo Nicolas Nunes,debora.nair.nunes@dc4.com.br,69313-762,Rua Vicente Eluan,929,União,25/03/2022,Boa Vista,RR,(95) 2710-4270,(95) 98815-2069,,84,,AB+,azul,"R$ 5.300,00"
Marcelo André Moreira,73,460.699.276-05,15.223.863-3,12/02/1950,Masculino,Aquário,Catarina Rosa,Ruan Yago Victor Moreira,marcelo_moreira@leiloesjudiciais.com.br,72338-663,Quadra QR 829 Conjunto 3,871,Samambaia Norte (Samambaia),25/03/2022,Brasília,DF,(61) 2606-0857,(61) 98138-7385,,92,,B+,verde,"R$ 1.400,00"
Camila Francisca Ribeiro,43,514.616.704-46,20.002.261-1,01/03/1980,Feminino,Peixes,Eliane Liz,Ruan Alexandre Ribeiro,camila_francisca_ribeiro@panevale.com.br,93145-282,Rua Alto Alegre,442,Arroio da Manteiga,25/03/2022,São Leopoldo,RS,(51) 3821-1031,(51) 98288-6087,,62,,AB+,vermelho,"R$ 5.300,00"
Miguel Emanuel Vinicius Assunção,29,046.063.774-61,32.241.185-3,06/01/1994,Masculino,Capricórnio,Carla Alana,Oliver Renato Isaac Assunção,miguel_emanuel_assuncao@akto.com.br,41603-020,Rua B,830,Praia do Flamengo,25/03/2022,Salvador,BA,(71) 3919-9223,(71) 99312-8226,,63,,AB+,laranja,"R$ 5.300,00"
Severino Francisco Silveira,28,006.893.802-08,31.853.732-1,02/01/1995,Masculino,Capricórnio,Vera Priscila,Sebastião Marcos Davi Silveira,severino-silveira88@unimedara.com.br,67120-683,Passagem Seduc,196,Jibóia Branca,25/03/2022,Ananindeua,PA,(91) 2607-0220,(91) 98375-5608,,77,,O+,roxo,"R$ 5.300,00"
Sabrina Adriana Nascimento,52,195.812.038-34,11.639.227-7,01/03/1971,Feminino,Peixes,Eliane Sandra Ayla,Giovanni Gael Sebastião Nascimento,sabrina_adriana_nascimento@pierproj.com.br,20775-140,Rua Capitão Jesus,357,Cachambi,25/03/2022,Rio de Janeiro,RJ,(21) 3978-1930,(21) 98915-7575,,74,,O+,vermelho,"R$ 1.400,00"
Raimunda Eduarda Milena Brito,74,579.409.722-19,39.208.418-1,27/01/1949,Feminino,Aquário,Natália Helena Laura,Anthony Martin Heitor Brito,raimunda.eduarda.brito@unidademovel.com,64017-770,Avenida Miguel Rosa,243,Redenção,25/03/2022,Teresina,PI,(86) 2691-0661,(86) 98280-2122,,66,,AB-,roxo,"R$ 5.300,00"
Arthur Matheus Benício Costa,66,486.828.474-69,29.906.274-0,14/01/1957,Masculino,Capricórnio,Juliana Cláudia,Erick Alexandre Costa,arthur_costa@elconsultoria.com.br,69314-106,Rua Aruanã,152,Santa Tereza,25/03/2022,Boa Vista,RR,(95) 3948-9478,(95) 98122-1465,,69,,O-,laranja,"R$ 1.400,00"
Nelson Tiago Guilherme Farias,33,577.669.814-67,28.796.268-4,14/01/1990,Masculino,Capricórnio,Mariane Beatriz,Henry Benedito Otávio Farias,nelson-farias80@megapremiumvip.com,73750-067,Quadra 4 MR 3,859,Setor Oeste,25/03/2022,Planaltina,GO,(61) 3759-3651,(61) 98701-8479,,65,,B+,roxo,"R$ 1.600,00"
Nair Giovana da Conceição,48,523.002.138-18,50.377.475-3,26/01/1975,Feminino,Aquário,Alessandra Isabella Flávia,Eduardo Renato Henrique da Conceição,nairgiovanadaconceicao@outlock.com.br,44090-612,Rua Santa Quitéria,729,Tomba,25/03/2022,Feira de Santana,BA,(75) 3564-5675,(75) 98461-8324,,68,,O-,verde,"R$ 5.300,00"
Nathan Geraldo Bento da Cunha,80,323.883.130-58,39.439.679-0,11/02/1943,Masculino,Aquário,Mariane Sebastiana,Heitor Alexandre da Cunha,nathan.geraldo.dacunha@unink.com.br,76808-308,Rua Barbacena,412,Conceição,25/03/2022,Porto Velho,RO,(69) 2846-5486,(69) 99844-9064,,91,,A-,preto,"R$ 5.300,00"
Fábio Kevin Porto,33,827.027.700-29,16.324.269-0,07/01/1990,Masculino,Capricórnio,Emanuelly Brenda,César Thomas Isaac Porto,fabiokevinporto@pobox.com,68907-640,Rua Alebeus,367,Renascer,25/03/2022,Macapá,AP,(96) 3994-8973,(96) 98822-3059,,77,,B+,azul,"R$ 3.500,00"
Carolina Helena Gomes,45,218.749.592-26,23.370.105-9,01/03/1978,Feminino,Peixes,Lorena Regina Ester,Luís Osvaldo Gomes,carolina_helena_gomes@profiledesign.com.br,85910-500,Avenida Senador Attilio Fontana,779,Sadia,25/03/2022,Toledo,PR,(45) 3948-5218,(45) 99740-6992,,53,,O-,roxo,"R$ 3.500,00"
Luciana Luiza Barbosa,59,344.467.359-00,36.848.206-6,21/01/1964,Feminino,Aquário,Andreia Marcela Francisca,Breno Bernardo Raul Barbosa,lucianaluizabarbosa@geometrabte.com.br,69918-314,Rua Daniel de Matos,309,Isaura Parente,25/03/2022,Rio Branco,AC,(68) 2967-3509,(68) 98504-9196,,80,,B+,amarelo,"R$ 2.500,00"
Emanuelly Nair Moura,77,721.443.361-30,27.199.772-2,02/03/1946,Feminino,Peixes,Liz Eduarda Rayssa,Leonardo Gael Edson Moura,emanuelly.nair.moura@atrix.com.br,59074-690,Rua de Santos Reis,166,Guarapes,25/03/2022,Natal,RN,(84) 3795-2185,(84) 99828-4736,,68,,O-,preto,"R$ 2.500,00"
Joana Olivia Cavalcanti,48,398.382.615-64,11.839.648-1,01/03/1975,Feminino,Peixes,Sandra Marcela Heloise,Renato Daniel Diogo Cavalcanti,joana.olivia.cavalcanti@siemens.com,79063-644,Rua Graciana Souza da Silva,630,Vila Julieta,25/03/2022,Campo Grande,MS,(67) 3530-6916,(67) 99410-6616,,65,,B-,roxo,"R$ 1.400,00"
Breno Edson Igor Souza,36,918.219.396-70,36.425.992-9,23/01/1987,Masculino,Aquário,Alessandra Nina,Carlos Eduardo Henrique Souza,breno_edson_souza@sigtechbr.com,54090-460,Rua da Palha,734,Vila Rica,25/03/2022,Jaboatão dos Guararapes,PE,(81) 3795-6014,(81) 98608-0084,,99,,B+,verde,"R$ 5.300,00"
Enzo Arthur Alves,53,481.082.706-26,42.766.268-0,03/01/1970,Masculino,Capricórnio,Isabela Eliane Elza,Francisco Diogo Alves,enzo_alves@ericsson.com,49071-203,Rua A,495,Cidade Nova,25/03/2022,Aracaju,SE,(79) 3915-3873,(79) 99552-6720,,61,,B+,vermelho,"R$ 3.400,00"
Tereza Clarice Jaqueline Fernandes,75,972.561.789-48,24.329.128-0,09/02/1948,Feminino,Aquário,Alícia Rosa,Cauã Carlos Igor Fernandes,tereza_fernandes@stembalagens.com.br,74735-340,Rua MA 11,330,Residencial Olinda,25/03/2022,Goiânia,GO,(62) 2607-6284,(62) 98518-1333,,72,,B+,vermelho,"R$ 1.400,00"
,,,,,,,,,,,,,,,,,,,,,,,,
Pedro Manuel Jorge Araújo,68,238.243.475-98,50.688.470-3,10/02/1955,Masculino,Aquário,Benedita Olivia,Pedro Henrique Yuri Araújo,pedro_araujo@jonasmartinez.com,88906-002,Rua das Camélias,803,Jardim das Avenidas,26/03/2022,Araranguá,SC,(48) 2941-0969,(48) 99414-0132,,82,,AB+,vermelho,"R$ 5.300,00"
Gustavo Giovanni José dos Santos,70,892.134.464-03,50.086.661-2,23/01/1953,Masculino,Aquário,Cecília Antonella Aline,Erick Tiago dos Santos,gustavogiovannidossantos@sigtechbr.com,29178-767,Rua José Francisco II,225,Colina da Serra,26/03/2022,Serra,ES,(27) 3535-0617,(27) 99563-5418,,80,,AB-,verde,"R$ 1.400,00"
Daniela Luciana Isabelle Pereira,28,621.487.407-41,39.536.829-7,23/02/1995,Feminino,Peixes,Isadora Lívia,Isaac Benjamin Augusto Pereira,daniela.luciana.pereira@videoaction.com.br,24737-740,Rua Expedicionário Ataualpa Pereira Leite Filho,947,Santa Isabel,26/03/2022,São Gonçalo,RJ,(21) 3540-2842,(21) 98140-3643,,58,,A-,azul,"R$ 1.400,00"
Pietro Felipe Brito,19,217.520.061-27,48.845.731-2,05/02/2004,Masculino,Aquário,Antonella Allana Lúcia,Vinicius Lorenzo Pedro Brito,pietro_felipe_brito@engenharia.ufjf.br,,,,,,,,,,,,,,,
Raquel Malu Freitas,23,291.605.537-15,34.275.319-8,27/01/2000,Feminino,Aquário,Raimunda Allana Bruna,Osvaldo Enzo Sebastião Freitas,raquel.malu.freitas@fernandesfilpi.com.br,26060-160,Rua Dona Sandra,564,Figueiras,26/03/2022,Nova Iguaçu,RJ,(21) 2539-7971,(21) 98502-9496,,78,,B+,vermelho,"R$ 5.300,00"
Nathan Severino Lima,21,602.644.714-82,26.806.721-1,02/03/2002,Masculino,Peixes,Stefany Cláudia,Theo Calebe Lima,nathan_severino_lima@lbrazil.com.br,64607-020,Travessa José Armínio Fialho,840,Boa Sorte,26/03/2022,Picos,PI,(89) 2531-2475,(89) 99271-0521,,70,,O+,azul,"R$ 3.400,00"
Roberto Benedito Duarte,71,245.277.940-78,39.048.435-0,02/03/1952,Masculino,Peixes,Valentina Rafaela Yasmin,Ryan Igor Anderson Duarte,roberto.benedito.duarte@teravida.com.br,58037-402,Rua Luciano Locatelli de Souza,658,Jardim Oceania,26/03/2022,João Pessoa,PB,(83) 2548-6405,(83) 99540-3665,,85,,B+,vermelho,"R$ 3.400,00"
Iago Caio da Silva,63,236.172.769-20,27.457.554-1,01/03/1960,Masculino,Peixes,Laís Laura Carolina,Pedro Felipe da Silva,iagocaiodasilva@techdomus.com.br,42806-010,Rua do Campo,934,Bairro dos 46,26/03/2022,Camaçari,BA,(71) 2928-7053,(71) 98313-9081,,72,,O-,vermelho,"R$ 3.400,00"
Gabrielly Carolina Nunes,33,565.962.541-00,34.394.880-1,02/03/1990,Feminino,Peixes,Maria Olivia Marcela,Heitor Vinicius Nelson Nunes,gabrielly_carolina_nunes@nonesiglio.com.br,69313-452,Rua Jafet,823,Cambará,26/03/2022,Boa Vista,RR,(95) 2628-8430,(95) 99239-1017,,79,,A+,amarelo,"R$ 3.500,00"
Jennifer Sandra de Paula,33,896.673.779-03,14.032.398-3,15/02/1990,Feminino,Aquário,Rosângela Evelyn,Augusto Raul de Paula,jennifer.sandra.depaula@land.com.br,66814-060,Passagem Daniel Reis,241,Paracuri (Icoaraci),26/03/2022,Belém,PA,(91) 3590-4690,(91) 98945-1798,,62,,B+,verde,"R$ 5.300,00"
Pietro Pietro da Rocha,32,918.055.073-89,27.556.815-5,02/03/1991,Masculino,Peixes,Malu Sara Eliane,Iago Matheus Raul da Rocha,pietro.pietro.darocha@agreonoma.eng.br,44028-236,Rua Solidonia,242,Gabriela,26/03/2022,Feira de Santana,BA,(75) 3647-2246,(75) 98763-3816,,90,,AB-,azul,"R$ 1.400,00"
,,,,,,,,,,,,,,,,,,,,,,,,
Renan Noah Assis,26,533.595.488-41,26.977.744-1,14/02/1997,Masculino,Aquário,Maitê Regina,Victor Ricardo Vicente Assis,renan.noah.assis@mv1.com.br,50810-010,Travessa Afonso Olindense,220,Várzea,26/03/2022,Recife,PE,(81) 3794-5382,(81) 99242-2691,,89,,O-,preto,"R$ 1.600,00"
Manuela Hadassa Marlene Cardoso,80,235.543.899-43,45.628.238-5,02/01/1943,Feminino,Capricórnio,Bruna Antônia Nair,Kaique Benedito João Cardoso,manuela_hadassa_cardoso@mirafactoring.com.br,68908-511,Rua Vitória Régia,229,São Lázaro,26/03/2022,Macapá,AP,(96) 3751-3648,(96) 99191-4873,,83,,B+,roxo,"R$ 1.400,00"
Bryan Juan da Luz,36,994.124.163-50,48.454.028-2,09/01/1987,Masculino,Capricórnio,Isabelle Rafaela,Pietro Eduardo da Luz,bryan_daluz@gruposantin.com.br,75902-882,Rua L - 3,272,Lindolfina,26/03/2022,Rio Verde,GO,(64) 2930-2512,(64) 98403-6304,,68,,O-,azul,"R$ 2.500,00"
Raul Lucas Nicolas Aparício,79,429.731.379-00,34.082.207-7,12/01/1944,Masculino,Capricórnio,Sophia Mariana,Manoel César Tomás Aparício,raul_lucas_aparicio@robiel.com.br,71951-780,Avenida Arniqueira QS 01,416,Areal (Águas Claras),26/03/2022,Brasília,DF,(61) 2996-8690,(61) 99728-4324,,78,,A-,laranja,"R$ 1.400,00"
Isabel Josefa Rezende,79,480.912.545-98,34.092.492-5,02/03/1944,Feminino,Peixes,Tatiane Maya Márcia,Marcelo Murilo Rezende,isabel.josefa.rezende@defensoria.sp.gov.br,60337-630,Travessa Pacoti,123,Álvaro Weyne,26/03/2022,Fortaleza,CE,(85) 2998-2584,(85) 98525-3998,,60,,O+,vermelho,"R$ 2.500,00"
Jaqueline Marlene Figueiredo,59,715.671.917-38,33.978.069-1,10/02/1964,Feminino,Aquário,Carolina Eduarda,Jorge Gael Figueiredo,jaqueline-figueiredo99@br.nestle.com,04716-110,Alameda dos Ciprestes,846,Chácara Santo Antônio (Zona Sul),26/03/2022,São Paulo,SP,(11) 3791-8521,(11) 98373-5131,,80,,O-,vermelho,"R$ 3.500,00"
Yago Tomás Bernardes,22,351.852.592-13,40.364.071-4,01/03/2001,Masculino,Peixes,Francisca Olivia,Mário Enrico Bernardes,yago_bernardes@dcazzainteriores.com.br,49065-210,Avenida Coelho e Campos,618,Industrial,26/03/2022,Aracaju,SE,(79) 3835-0340,(79) 98548-5416,,73,,B-,verde,"R$ 1.600,00"
Calebe Filipe Farias,51,916.750.581-30,29.428.363-8,06/02/1972,Masculino,Aquário,Louise Mariah Camila,Paulo Fábio Gustavo Farias,calebe.filipe.farias@icloub.com,59073-246,Rua Santa Beatriz,513,Planalto,26/03/2022,Natal,RN,(84) 2643-9317,(84) 98659-9100,,93,,B-,roxo,"R$ 2.500,00"
Nina Mirella Josefa Ramos,39,201.168.901-50,39.315.548-1,26/02/1984,Feminino,Peixes,Amanda Marli,Benjamin Henrique Ramos,nina_ramos@ocaconsultoria.com,77024-730,Quadra 1404 Sul Alameda 5,437,Plano Diretor Sul,26/03/2022,Palmas,TO,(63) 3631-2381,(63) 99262-2228,,83,,O+,vermelho,"R$ 3.400,00"
Luan Fábio Erick Caldeira,49,826.141.411-60,33.190.056-7,10/02/1974,Masculino,Aquário,Stefany Fátima Milena,Guilherme Igor Benício Caldeira,luan_caldeira@controtel.com.br,69317-235,Rua Antonio Vieira da Silva,102,Alvorada,26/03/2022,Boa Vista,RR,(95) 3999-1950,(95) 98222-3284,,96,,O+,verde,"R$ 2.500,00"
Raimundo Benício Monteiro,26,277.064.372-05,37.670.465-2,05/01/1997,Masculino,Capricórnio,Beatriz Carla,Márcio Isaac Monteiro,raimundo.benicio.monteiro@boll.com.br,54774-555,Rua dos Economistas,593,Céu Azul,26/03/2022,Camaragibe,PE,(81) 2530-6558,(81) 99219-4653,,60,,O-,laranja,"R$ 2.100,00"
Caio Igor Kauê Sales,59,119.369.983-51,29.014.430-9,02/03/1964,Masculino,Peixes,Adriana Ester Lara,Gustavo Isaac Sales,caio-sales93@termakui.com.br,89291-795,Rua Alfredo Jorge Rueckl,792,Serra Alta,26/03/2022,São Bento do Sul,SC,(47) 2662-4068,(47) 98205-9353,,77,,AB+,amarelo,"R$ 3.400,00"
Isabelle Lavínia Moreira,19,077.110.749-80,23.428.574-6,17/02/2004,Feminino,Aquário,Francisca Alessandra Isabelly,Bento Kaique Moreira,isabelle_lavinia_moreira@ramiresmotors.com.br,69911-060,Rua Rádio Farol,192,Aeroporto Velho,26/03/2022,Rio Branco,AC,(68) 2956-6063,(68) 99485-4795,,60,,O+,laranja,"R$ 2.500,00"
Alana Daiane Campos,53,324.704.745-07,23.565.725-6,08/01/1970,Feminino,Capricórnio,Carla Heloise,Diego Arthur Campos,alanadaianecampos@lognat.com.br,50110-030,Rua Engenho Taquara,971,Santo Amaro,26/03/2022,Recife,PE,(81) 2607-1597,(81) 98170-7813,,68,,A-,amarelo,"R$ 5.300,00"
Nelson Juan Iago Moraes,40,641.053.361-69,23.711.929-8,01/03/1983,Masculino,Peixes,Luciana Fernanda,Levi Julio Moraes,nelsonjuanmoraes@arcante.com.br,,,,,,,,,,,,,,,
Severino Tomás Márcio Lopes,60,310.112.370-40,20.391.416-8,27/02/1963,Masculino,Peixes,Mariane Isabel,Breno Breno Lopes,severino_tomas_lopes@tjsp.jus.br,58701-644,Rua Biró Cirilo,185,Bivar Olinto,26/03/2022,Patos,PB,(83) 2603-5354,(83) 99952-5670,,92,,B-,roxo,"R$ 3.400,00"
Teresinha Brenda Alice Pires,46,372.747.090-97,26.922.450-6,19/01/1977,Feminino,Capricórnio,Alana Valentina,Bento Thomas Lucas Pires,teresinha_pires@juliosimoes.com.br,60331-140,Travessa Canário,800,Barra do Ceará,26/03/2022,Fortaleza,CE,(85) 2523-6433,(85) 99295-4725,,62,,O-,preto,"R$ 2.500,00"
Raimundo Victor Novaes,52,464.951.688-96,21.188.794-8,02/03/1971,Masculino,Peixes,Lara Emilly,Isaac Juan Gustavo Novaes,raimundovictornovaes@retrosfessa.com.br,72242-109,Quadra QNP 25 Conjunto D,807,Ceilândia Norte (Ceilândia),26/03/2022,Brasília,DF,(61) 2632-4511,(61) 98834-0911,,73,,A-,vermelho,"R$ 1.400,00"
Edson Benício Souza,19,561.975.265-81,39.207.183-6,05/01/2004,Masculino,Capricórnio,Jennifer Flávia,Vicente Cláudio Gustavo Souza,edson_souza@vinax.com.br,83704-530,Rua Pedro de Alcântara Meira,803,Fazenda Velha,26/03/2022,Araucária,PR,(41) 2526-7532,(41) 98151-6052,,87,,AB-,vermelho,"R$ 3.500,00"
Lorenzo Iago Vitor Fogaça,57,677.752.587-48,45.121.423-7,26/02/1966,Masculino,Peixes,Mariane Cristiane,Julio Leandro Fogaça,lorenzo.iago.fogaca@munhozengenharia.com.br,97542-230,Rua Doutor Severino Ribeiro,232,Cidade Alta,26/03/2022,Alegrete,RS,(55) 3852-5433,(55) 99929-0905,,95,,AB+,roxo,"R$ 3.500,00"
José Igor Marcos Vinicius Araújo,18,430.456.784-59,21.099.210-4,03/01/2005,Masculino,Capricórnio,Pietra Beatriz Rosângela,Caio Kevin Oliver Araújo,jose_araujo@panfletosecia.com,61945-050,Rua Izaura Barros,516,Cônego Raimundo Pinto,26/03/2022,Maranguape,CE,(85) 2911-8328,(85) 99885-8179,,84,,B+,vermelho,"R$ 2.500,00"
Rodrigo Diogo Matheus das Neves,57,762.085.675-72,47.258.767-5,02/03/1966,Masculino,Peixes,Carla Luna Melissa,Cauã Carlos Eduardo das Neves,rodrigo_diogo_dasneves@soluxenergiasolar.com.br,76824-806,Rua Dom Pedrito,898,Escola de Polícia,26/03/2022,Porto Velho,RO,(69) 3558-2813,(69) 99623-0404,,73,,O-,laranja,"R$ 2.100,00"
Kaique Gael Igor Ribeiro,67,459.205.183-16,21.118.006-3,16/02/1956,Masculino,Aquário,Tânia Alana Ayla,Nelson Julio Ribeiro,kaique-ribeiro89@jmmarcenaria.com.br,08554-200,Rua Alcântara,816,Cidade Kemel,26/03/2022,Poá,SP,(11) 2523-7588,(11) 99471-5717,,65,,B-,vermelho,"R$ 5.300,00"
Luan Isaac Dias,31,393.608.663-00,31.525.183-9,09/02/1992,Masculino,Aquário,Liz Vanessa,Yuri Francisco Enrico Dias,luan_dias@db4.com.br,41213-195,2ª Travessa Oliveira da Sussuarana,349,Sussuarana,26/03/2022,Salvador,BA,(71) 3721-1692,(71) 98623-6472,,86,,A-,amarelo,"R$ 5.300,00"
Gustavo Theo Isaac dos Santos,78,151.499.380-50,14.121.201-9,07/01/1945,Masculino,Capricórnio,Isabel Joana,Sebastião Ian dos Santos,gustavo_theo_dossantos@sodexo.com,62030-360,Avenida Getúlio Vargas,896,Junco,26/03/2022,Sobral,CE,(88) 2532-6844,(88) 99256-4536,,92,,A+,laranja,"R$ 2.100,00"
Cecília Lívia Campos,57,572.152.768-48,49.066.816-1,01/03/1966,Feminino,Peixes,Daniela Heloise Emanuelly,Pedro Marcelo Calebe Campos,cecilialiviacampos@gineco.med.br,77017-262,Quadra 901 Sul Avenida LO 21,105,Plano Diretor Sul,26/03/2022,Palmas,TO,(63) 2992-5655,(63) 99394-4656,,79,,A+,vermelho,"R$ 5.300,00"
,,,,,,,,,,,,,,,,,,,,,,,,
Helena Isabela Sandra Barbosa,23,040.643.833-11,16.060.795-4,02/03/2000,Feminino,Peixes,Lara Alice Kamilly,Erick Theo Barbosa,helena.isabela.barbosa@tam.com.br,88503-306,Rua Doutor Edmundo Wering,667,Vila Nova,26/03/2022,Lages,SC,(49) 3766-6628,(49) 99447-3584,,80,,O+,preto,"R$ 5.300,00"
Jorge Mário Aparício,31,245.243.399-30,17.596.335-6,05/02/1992,Masculino,Aquário,Raimunda Simone,Bryan Manoel Aparício,jorge_aparicio@zf.com,65057-530,Travessa São Benedito,476,São Bernardo,26/03/2022,São Luís,MA,(98) 2806-6179,(98) 99185-2290,,87,,B-,azul,"R$ 1.600,00"
Igor Carlos Felipe Moraes,79,249.340.666-40,50.704.333-9,20/02/1944,Masculino,Peixes,Sônia Sônia Fabiana,Thiago Márcio Moraes,igor_moraes@cpfl.com.br,41490-550,Rua Nelson Antônio Daiha,471,Mussurunga I,26/03/2022,Salvador,BA,(71) 2959-7960,(71) 98840-3343,,71,,AB-,roxo,"R$ 1.600,00"
Jaqueline Betina Andreia Brito,64,148.200.946-37,47.808.257-5,03/02/1959,Feminino,Aquário,Sônia Jéssica Luciana,Yago Noah Brito,jaquelinebetinabrito@gigaonline.com.br,57052-242,Rua Miguel Palmeira,792,Pitanguinha,27/03/2022,Maceió,AL,(82) 3518-3844,(82) 98688-1411,,56,,A+,amarelo,"R$ 2.500,00"
Agatha Sandra Helena Martins,75,541.492.800-29,30.819.774-4,20/01/1948,Feminino,Capricórnio,Sophie Agatha Eliane,César Thiago Oliver Martins,agatha_sandra_martins@goldfinger.com.br,77818-670,Rua das Rosas,593,Setor Rodoviário,27/03/2022,Araguaína,TO,(63) 3900-9389,(63) 99601-7037,,61,,AB-,verde,"R$ 3.500,00"
Rafaela Adriana Cardoso,58,236.469.398-50,18.163.784-4,26/02/1965,Feminino,Peixes,Luiza Andrea,Enrico Giovanni Pedro Cardoso,rafaela_adriana_cardoso@vick1.com.br,64008-230,Rua Irmã Catarina Levrine,506,Memorare,27/03/2022,Teresina,PI,(86) 3854-4414,(86) 99989-5916,,59,,A+,amarelo,"R$ 2.500,00"
Sophia Laís da Paz,43,014.745.548-06,32.450.287-4,01/03/1980,Feminino,Peixes,Evelyn Benedita,Renan Marcos Vinicius Felipe da Paz,sophia_dapaz@silnave.com.br,60850-240,Rua Sete Estrelas,101,Aerolândia,27/03/2022,Fortaleza,CE,(85) 3885-4383,(85) 98177-7645,,84,,AB+,laranja,"R$ 5.300,00"
Benedito Davi Lopes,44,395.672.302-34,37.197.569-4,01/03/1979,Masculino,Peixes,Alana Laís Carla,Mateus Calebe Matheus Lopes,benedito_lopes@daruma.com.br,69911-102,Beco Lucinda,732,Aeroporto Velho,27/03/2022,Rio Branco,AC,(68) 2860-9196,(68) 99191-5350,,85,,O+,roxo,"R$ 5.300,00"
Isabel Jennifer Aparecida Melo,55,980.540.029-80,19.381.778-0,08/02/1968,Feminino,Aquário,Ayla Camila Tatiane,Marcelo Vinicius Melo,isabeljennifermelo@estruturalbr.com.br,29041-340,Escadaria Engenheiro Bassine,539,Romão,27/03/2022,Vitória,ES,(27) 3573-6330,(27) 99233-7169,,73,,B-,verde,"R$ 1.400,00"
Anderson Enrico da Luz,35,445.111.384-94,25.575.286-6,12/02/1988,Masculino,Aquário,Aurora Raimunda Brenda,Gustavo Breno Vitor da Luz,anderson-daluz77@accent.com.br,79021-173,Praça Adolpho Tognini,868,Coophafé,27/03/2022,Campo Grande,MS,(67) 2918-8082,(67) 99399-5457,,85,,AB-,preto,"R$ 2.100,00"
,,,,,,,,,,,,,,,,,,,,,,,,
Nicole Elisa Costa,52,195.315.561-80,33.347.257-3,01/03/1971,Feminino,Peixes,Rosângela Mirella Francisca,Renan Oliver Costa,nicole-costa72@consultoriosjc.com.br,86704-120,Rua Pássaro-boi,582,Jardim Monte Carlo,27/03/2022,Arapongas,PR,(43) 2665-0922,(43) 98736-1259,,76,,A-,preto,"R$ 3.400,00"
César André Isaac Pinto,42,018.640.515-40,23.361.694-9,01/03/1981,Masculino,Peixes,Tânia Marlene Laura,Benício Lucca Pinto,cesar-pinto73@comanzzaindaia.com.br,57048-278,Rua Projetada 906,630,Antares,27/03/2022,Maceió,AL,(82) 2994-8461,(82) 99157-6962,,68,,A+,vermelho,"R$ 3.400,00"
,,,,,,,,,,,,,,,,,,,,,,,,
Maria Yasmin Barros,75,965.130.621-10,17.637.424-3,13/02/1948,Feminino,Aquário,Stella Simone Mariane,Raul Daniel Barros,maria_barros@solviagens.com,57081-743,Rua Maria Josefa Rufino de Oliveira,629,Tabuleiro do Martins,27/03/2022,Maceió,AL,(82) 2680-6459,(82) 99880-2596,,84,,B-,amarelo,"R$ 5.300,00"
Lucca Osvaldo Bernardes,37,751.811.881-50,40.571.734-9,02/03/1986,Masculino,Peixes,Luna Mariah Nina,Thomas Nathan Bernardes,lucca_osvaldo_bernardes@monsanto.com,64218-825,Avenida das Normalistas,937,Bebedouro,27/03/2022,Parnaíba,PI,(86) 3934-1199,(86) 99264-0791,,90,,O-,azul,"R$ 2.500,00"
Osvaldo João Fernandes,69,202.283.219-13,13.288.086-6,02/03/1954,Masculino,Peixes,Allana Elisa,Augusto Benedito Fernandes,osvaldojoaofernandes@sanidet.com.br,58102-770,Rua Hortência Helena de Amorim Brito,436,Parque Verde,27/03/2022,Cabedelo,PB,(83) 3720-7532,(83) 98986-1463,,93,,AB+,preto,"R$ 5.300,00"
Fátima Sarah Alícia Vieira,80,661.897.486-00,22.943.110-0,23/01/1943,Feminino,Aquário,Malu Luna,Diego Igor Paulo Vieira,fatima_sarah_vieira@gruppoitalia.com.br,72420-170,Quadra Quadra 17,980,Setor Oeste (Gama),27/03/2022,Brasília,DF,(61) 2827-3826,(61) 98936-9189,,76,,AB-,vermelho,"R$ 2.100,00"